Page,Visitors,Total
"/",138,345
"/login",34,46
"/profile",34,68
"/welcome",24,27
"/onboarding",19,25
"/manuel",15,38
"/requests",14,18
"/settings",11,22
"/besttrendscollections",10,13
"/notifications",10,24
"/p/wall-collage-dhees-empire",10,21
"/store/create",10,13
"/admin/dashboard",9,22
"/p/customized-necklaces-and-bracelets-available-emkays-collection",9,14
"/p/sneakers-dhees-empire",9,13
"/p/unisex-jewelry-and-wristwatches-allie-jewelry",9,13
"/messages",8,10
"/alliejewelry",6,15
"/search",6,16
"/admin/users",5,9
"/bookmarks",5,14
"/orders",5,8
"/p/large-capacity-foldable-storage-basket-with-lid-everyday-market",5,10
"/demand/new",4,5
"/p/male-footwear-size-40-45-esme-luxe",4,6
"/p/white-press-on-nails-with-gold-line-design-medium-almond-glossy-acrylic-set-everyday-market",4,8
"/requests/3ebcca34-6068-4b6b-a02a-5afdf01191a3",4,5
"/requests/e2b85d27-ed2d-462c-a68d-fe7f963faa6e",4,5
"/requests/id-love-to-buy-this-plate-of-spag-for-2k-7957ca9c",4,10
"/store",4,5
"/checkout/030def1f-b047-490f-b984-b0eba57f148f",3,5
"/ericks-hub",3,3
"/everydaymarket",3,9
"/johnumanah",3,5
"/p/7d6cb327-b404-45ec-8290-c120055ffc93",3,4
"/p/hp-elite-book-1030-g2-ericks-hub",3,10
"/p/large-iron-kitchen-wall-rack-no-drill-space-saving-organizer-for-utensils-bottles-everyday-market",3,5
"/p/long-lasting-mint-fruity-breath-freshener-20ml-everyday-market",3,4
"/p/mini-bag-best-trends-collections-3",3,3
"/p/you-can-now-save-depmi-as-an-app-on-your-device-manuels-store",3,6
"/requests/i-want-to-buy-a-laptop-preferably-a-corei7-or-core-e2b85d27",3,4
"/requests/looking-for-a-glassy-colored-light-case-pods-with-3ebcca34",3,5
"/requests/need-a-good-hairstylist-nail-tech-lash-tech-henna-f57e9b83",3,3
"/u/manuel/followers",3,19
"/abasianieekohwt4r",2,3
"/admin/engagement",2,2
"/admin/messages",2,2
"/aeatelier",2,5
"/allie_jewelry_",2,14
"/checkout/0db8d258-b906-4fb6-a5d2-6d4442af5718",2,2
"/checkout/4bca7157-4aea-434e-a295-8c01e3dbc71e",2,2
"/daraabasiusorohbgx",2,5
"/darabesttrends",2,2
"/duchh",2,3
"/ezoch",2,3
"/glamaurahub",2,2
"/glamzdeeaesthetics",2,4
"/help",2,3
"/jboy",2,3
"/maintenance",2,2
"/messages/1de289f8-6159-42f5-a2fa-94a60d4367a0",2,2
"/onboarding/store",2,2
"/p/38188e36-378d-4da6-bcdb-bf38b96f6128",2,2
"/p/customized-caps-ae-atelier",2,3
"/p/handmade-footwear-esme-luxe",2,3
"/p/hp-probook-430-g6-ericks-hub",2,2
"/p/mens-ultra-breathable-sport-shoes-everyday-market",2,2
"/p/mini-shoulder-bag-best-trends-collections",2,2
"/p/multi-functional-wall-mounted-kitchen-rack-heavy-duty-carbon-steel-knife-utensil-organizer-everyday-market",2,10
"/p/tote-bag-with-labubu-best-trends-collections",2,3
"/prudential01",2,3
"/store/prudentialluxuryinteriorsanddecorations/products/import",2,5
"/thehaven",2,4
"/trevairecollective26",2,3
"/u/ubdi/following",2,3
"/u/willieudosen/following",2,3
"/ubdi",2,5
"/udehjennifer",2,9
"/web5manuel",2,2
"/about",1,1
"/admin/admins",1,1
"/admin/users/5b6a4d74-c20f-4d98-9713-89dfdcc15e98",1,1
"/admin/users/5e220284-cbb2-4699-8e65-5964390e2b78",1,1
"/ahm_nora",1,1
"/baeshyy",1,2
"/careers",1,1
"/checkout/01a3f766-7f00-43bd-9f11-8a3e1f590484",1,1
"/checkout/565debda-46ad-4591-954e-f92ef4df9716",1,1
"/checkout/89d2a05b-a8ef-4009-a0b4-273d5dc4ffcd",1,1
"/checkout/d6c1f3cc-7f54-4c6d-b410-bf9b27d57842",1,1
"/dheesempire",1,4
"/edy",1,6
"/ehtastykitchen",1,1
"/emyscent",1,1
"/erickshub",1,2
"/esmeluxe",1,1
"/eziboy10",1,4
"/fonzyfundz_001",1,2
"/glassesvendor",1,2
"/hephzibahuzuke0qqj",1,4
"/joshua",1,1
"/kemzino",1,1
"/larry",1,1
"/maybellayo5ygb",1,1
"/messages/08236c9e-4f5d-4ff5-ae86-700fbf96aa70",1,3
"/messages/1533322b-d92e-47b0-b9e1-d83568bb9b9a",1,1
"/messages/17b6e004-5898-4440-93cd-385e07ebb3b6",1,1
"/messages/574d6bb8-dd78-4aea-92fb-9af760a44adb",1,1
"/messages/5db23482-4106-4def-8b55-81bf404cce6a",1,1
"/messages/621deedf-28a9-4e2a-982d-8d60b2be1b1e",1,1
"/messages/8fc93766-53fc-43f8-b6ad-b8805ab897cd",1,1
"/messages/9097ed8c-2359-437f-98bd-6885a5787100",1,1
"/messages/bdb0e157-b920-4ea4-839f-9de162e52e32",1,1
"/messages/c30326bd-fda6-40c2-a764-b8c3bda3ae28",1,1
"/messages/e49b9dc2-822c-46f5-8832-8d7b0d798230",1,1
"/mmekut",1,1
"/ofofonedwardq94d",1,2
"/p/2892c410-8f90-4bc8-a6b8-8fb59b289eba",1,1
"/p/565debda-46ad-4591-954e-f92ef4df9716",1,1
"/p/89d2a05b-a8ef-4009-a0b4-273d5dc4ffcd",1,1
"/p/a2a6de5b-9f6c-4458-9f5c-9a63f23d1596",1,1
"/p/a82e821f-feb0-4698-a6c0-522a8dc2a934",1,1
"/p/beautiful-fashion-bag-best-trends-collections",1,2
"/p/blue-cut-photochromic-glasses-mabeola-lens",1,3
"/p/cd72510e-5693-4c3a-a4b5-073565c0f813",1,1
"/p/corporate-bag-best-trends-collections",1,1
"/p/d5f1b224-6bf1-4e9a-a84e-0618276e1d17",1,1
"/p/dj-services-dj-akim-entertainment",1,1
"/p/efc48adf-d349-4cee-adc1-4f8c70e3eebf",1,1
"/p/female-jewelry-set-glamaura-hub",1,1
"/p/fried-rice-with-chicken-salad-eh-tasty-kitchen",1,2
"/p/gold-watch-dhees-empire",1,1
"/p/iphone-brimsgadget",1,1
"/p/mini-bag-best-trends-collections",1,1
"/p/mini-bag-best-trends-collections-2",1,1
"/p/neck-bead-36ixty-jewelry",1,1
"/p/necklace-set-zuki-ventures",1,2
"/p/power-bank-dhees-empire",1,1
"/p/power-bank-dhees-empire-2",1,2
"/p/rabbit-phone-holder-dhees-empire",1,1
"/p/samsung-galaxy-buds-3-pro-200-days-warranty-offer-price-75k-ericks-hub",1,1
"/p/selfie-stick-dhees-empire",1,1
"/p/suturing-kit-treluxe-couture-and-aesthetics",1,1
"/p/timeless-necklaces-male-and-female-wristwatches-bracelets-knuckle-rings-bangles-wristacks-etc-allie-jewelry",1,2
"/past_caleb",1,1
"/privacy",1,1
"/prudentialluxuryinteriorsanddecorations",1,2
"/requests/3977e485-5139-4d2f-a129-289aff3a9cfa",1,1
"/requests/6e6ba35d-65b5-439b-9ba1-7628f5de8e44",1,1
"/requests/7957ca9c-f406-4e8d-8b7f-1b266682e17d",1,1
"/requests/94a78dcd-7008-45a9-b729-c2fc057259e3",1,1
"/requests/9c5c3347-ae64-4aa2-80eb-4550f118bf07",1,1
"/requests/e3560082-38d2-475e-bba5-387d1280c3db",1,1
"/requests/ec7e9b9e-5342-4327-a2f2-d05de87a25bc",1,1
"/requests/f57e9b83-e18f-4af1-9705-7e236911353b",1,1
"/requests/id-like-to-buy-wired-earpiece-preferably-white-col-94a78dcd",1,1
"/requests/looking-for-a-cute-male-leather-bag-and-vintage-re-ec7e9b9e",1,1
"/requests/sherlock-holmes-novel-if-possible-6e6ba35d",1,1
"/requests/what-would-you-love-to-buy-9c5c3347",1,1
"/requests/where-can-i-get-a-12v-4a-power-adapter-i-just-got-3977e485",1,1
"/requests/you-can-order-transportation-on-depmi-just-make-a-e3560082",1,1
"/secure-admin",1,2
"/store/aeatelier/products/new",1,2
"/store/alliejewelry/ai-import",1,2
"/store/alliejewelry/products/0db8d258-b906-4fb6-a5d2-6d4442af5718/edit",1,1
"/store/alliejewelry/products/new",1,9
"/store/besttrendscollections/products/new",1,3
"/store/dheesempire/analytics",1,4
"/store/everydaymarket/products/8983994f-0a4e-47b9-86f0-cf3cd17d313f/edit",1,1
"/store/everydaymarket/products/new",1,3
"/store/manuelstore/products/new",1,2
"/store/planetearthkitchen/products/new",1,1
"/store/prudentialluxuryinteriorsanddecorations/products/new",1,3
"/store/store/products/new",1,2
"/support",1,1
"/synen",1,2
"/treasuredarbyme04",1,1
"/u/allie_jewelry_/following",1,2
"/u/synen/following",1,5
"/u/udehjennifer/followers",1,1
"/undefined",1,2
"/willieudosen",1,1
"/wp-login.php",1,1
"/zukiventures",1,2